,Supplier_Lead_Time,Inventory_Levels,Order_Frequency,Delivery_Performance,Cost_Per_Unit
Supplier_Lead_Time,1.0,0.18616111963079943,-0.9118240557424152,-0.9371826210424212,0.9646973900652367
Inventory_Levels,0.18616111963079943,1.0,-0.2515659506098706,-0.1740416957156155,0.16672042654283817
Order_Frequency,-0.9118240557424152,-0.2515659506098706,1.0,0.8111297804850585,-0.8813892806195968
Delivery_Performance,-0.9371826210424212,-0.1740416957156155,0.8111297804850585,1.0,-0.9066289660417237
Cost_Per_Unit,0.9646973900652367,0.16672042654283817,-0.8813892806195968,-0.9066289660417237,1.0
